{"cameraMode":{"drawMode":0,"name":"Shaded","section":"Shading Mode"},"sceneLighting":false,"audioPlay":false,"sceneViewState":{"m_AlwaysRefresh":false,"showFog":true,"showSkybox":false,"showFlares":true,"showImageEffects":true,"showParticleSystems":true,"showVisualEffectGraphs":true,"m_FxEnabled":true},"in2DMode":false,"pivot":{"x":-3.89412260055542,"y":2.235243082046509,"z":-0.04209062084555626},"rotation":{"x":-0.031504616141319278,"y":-0.012555607594549656,"z":-0.000006111263701313874,"w":-0.999675989151001},"size":0.47286710143089297,"orthographic":false}