{"cameraMode":{"drawMode":0,"name":"Shaded","section":"Shading Mode"},"sceneLighting":false,"audioPlay":false,"sceneViewState":{"m_AlwaysRefresh":false,"showFog":true,"showSkybox":false,"showFlares":true,"showImageEffects":true,"showParticleSystems":true,"showVisualEffectGraphs":true,"m_FxEnabled":true},"in2DMode":false,"pivot":{"x":67.13182830810547,"y":2.5055625438690187,"z":0.05915858969092369},"rotation":{"x":0.02850879542529583,"y":0.014649628661572934,"z":0.0001713295205263421,"w":0.9997442960739136},"size":14.780651092529297,"orthographic":false}