{"cameraMode":{"drawMode":0,"name":"Shaded","section":"Shading Mode"},"sceneLighting":false,"audioPlay":false,"sceneViewState":{"m_AlwaysRefresh":false,"showFog":true,"showSkybox":false,"showFlares":true,"showImageEffects":true,"showParticleSystems":true,"showVisualEffectGraphs":true,"m_FxEnabled":true},"in2DMode":false,"pivot":{"x":-7.376614093780518,"y":0.26686251163482668,"z":-0.8406335711479187},"rotation":{"x":-0.12253288179636002,"y":0.3612610399723053,"z":-0.048133399337530139,"w":-0.9233884811401367},"size":4.028225421905518,"orthographic":false}